{
  "feature_names": [
    "f0",
    "f1",
    "f2",
    "f3",
    "f4",
    "f5",
    "f6",
    "f7",
    "f8",
    "f9",
    "f10",
    "f11",
    "f12",
    "f13",
    "f14",
    "f15",
    "f16",
    "f17",
    "f18",
    "f19",
    "f20",
    "f21",
    "f22",
    "f23",
    "f24",
    "f25",
    "f26",
    "f27",
    "f28",
    "f29",
    "f30",
    "f31",
    "f32",
    "f33",
    "f34",
    "f35",
    "f36",
    "f37",
    "f38",
    "f39",
    "f40",
    "f41",
    "f42",
    "f43",
    "f44",
    "f45",
    "f46",
    "f47",
    "f48",
    "f49"
  ],
  "display_data_sample": [
    "",
    "",
    "",
    "",
    "",
    "",
    "",
    "",
    "",
    "",
    "",
    "",
    "",
    "",
    "",
    "",
    "",
    "",
    "",
    "",
    "",
    "",
    "",
    "",
    "",
    "",
    "",
    "",
    "",
    "",
    "",
    "",
    "",
    "",
    "",
    "",
    "",
    "",
    "",
    "",
    "",
    "",
    "",
    "",
    "",
    "",
    "",
    "",
    "",
    ""
  ],
  "shap_vals_shape": [
    1,
    63
  ],
  "shap_vals_sample": [
    [
      -0.5830609798431396,
      -0.36689338088035583,
      -0.09806143492460251,
      -0.9123659133911133,
      -0.04778429865837097,
      0.0,
      0.0,
      -0.13545750081539154,
      0.018564928323030472,
      0.027051858603954315,
      0.07386787235736847,
      -0.042779549956321716,
      -0.0393734872341156,
      0.019588174298405647,
      -0.231974795460701,
      0.1439083069562912,
      -0.0738796517252922,
      0.071434386074543,
      0.0,
      -0.004746714606881142,
      0.08289067447185516,
      0.0,
      0.09427358955144882,
      -0.06625242531299591,
      0.0,
      0.021725419908761978,
      -0.24391378462314606,
      -0.02425023354589939,
      -0.12467169016599655,
      0.016845207661390305,
      0.08437837660312653,
      -0.01174149103462696,
      -0.15307970345020294,
      -0.006243841722607613,
      0.09501154720783234,
      -0.05511080101132393,
      -0.019779298454523087,
      -0.04030827805399895,
      0.14029690623283386,
      0.021031511947512627,
      -0.00487877381965518,
      -0.012792432680726051,
      0.02941141463816166,
      0.10989144444465637,
      -0.00039765541441738605,
      -0.10875113308429718,
      -0.10674683004617691,
      0.1692095845937729,
      -0.0059510329738259315,
      0.303266316652298,
      0.21121734380722046,
      0.18104112148284912,
      0.02981996163725853,
      0.0,
      0.03864096477627754,
      0.0033195684663951397,
      0.03715798258781433,
      0.0,
      -0.09858079999685287,
      -0.06336968392133713,
      0.022608736529946327,
      -0.00836316216737032,
      0.0
    ]
  ],
  "base_values": "[-0.79561216]"
}